{"cameraMode":{"drawMode":0,"name":"Shaded","section":"Shading Mode"},"sceneLighting":true,"audioPlay":false,"sceneViewState":{"showFog":true,"showMaterialUpdate":false,"showSkybox":true,"showFlares":true,"showImageEffects":true,"showParticleSystems":true},"in2DMode":false,"pivot":{"x":0.42150118947029116,"y":0.8123742341995239,"z":-0.641677737236023},"rotation":{"x":-0.2555226981639862,"y":-0.3925206661224365,"z":0.11456316709518433,"w":-0.8761280179023743},"size":8.077078819274903,"orthographic":false}